Value,time
7.577339587896905,0.0
10.28724112160832,0.020080321285140562
9.712593042961077,0.040160642570281124
8.452716327629314,0.060240963855421686
11.559194697990355,0.08032128514056225
7.696561357457405,0.10040160642570281
11.999872555537564,0.12048192771084337
11.035707535910749,0.14056224899598393
8.918582958354314,0.1606425702811245
12.346489798015748,0.18072289156626506
13.101926792810122,0.20080321285140562
9.298323378804694,0.22088353413654618
10.366307972569425,0.24096385542168675
9.85479605638465,0.26104417670682734
10.943782535314194,0.28112449799196787
10.920999742681076,0.3012048192771084
9.484884431403026,0.321285140562249
12.464414190650725,0.3413654618473896
13.427263378942001,0.3614457831325301
13.249774274862173,0.38152610441767065
7.593248555165198,0.40160642570281124
7.060462804932502,0.42168674698795183
11.67258188560705,0.44176706827309237
10.02253225092253,0.4618473895582329
11.83521220846508,0.4819277108433735
11.166612820960587,0.5020080321285141
10.368994267399527,0.5220883534136547
7.193415622713799,0.5421686746987951
10.677418517373345,0.5622489959839357
10.608306121272417,0.5823293172690763
10.631100394282823,0.6024096385542168
11.7334910612562,0.6224899598393574
10.946955195208623,0.642570281124498
10.345930112203432,0.6626506024096386
8.358148677670448,0.6827309236947792
11.035580842613419,0.7028112449799196
8.107908360575143,0.7228915662650602
11.460220587081718,0.7429718875502008
10.613741112040824,0.7630522088353413
7.620270770257921,0.7831325301204819
9.88799195623588,0.8032128514056225
10.494456389589878,0.8232931726907631
8.121063921789473,0.8433734939759037
10.504810924208202,0.8634538152610441
9.0481091715412,0.8835341365461847
4.780430176924034,0.9036144578313253
9.073955871392956,0.9236947791164658
8.901131663671745,0.9437751004016064
6.851012709976594,0.963855421686747
12.498803231091413,0.9839357429718876
4.26206044052451,1.0040160642570282
9.43912490284766,1.0240963855421688
14.573508436017026,1.0441767068273093
10.073868852165587,1.0642570281124497
7.864507602152886,1.0843373493975903
10.872625901376683,1.104417670682731
14.066457421857056,1.1244979919678715
7.891427919000641,1.144578313253012
10.508244402149701,1.1646586345381527
8.729529584175534,1.1847389558232932
10.553348349870204,1.2048192771084336
7.674105144396096,1.2248995983935742
9.09505488539441,1.2449799196787148
8.904054292503147,1.2650602409638554
9.235990708570128,1.285140562248996
8.339034023554795,1.3052208835341366
9.295438138678415,1.3253012048192772
9.710588756225997,1.3453815261044177
17.102031134869378,1.3654618473895583
10.62672953475123,1.3855421686746987
11.880502664125263,1.4056224899598393
13.52775704754168,1.4257028112449799
9.944464659450434,1.4457831325301205
9.596830934827091,1.465863453815261
12.819627882375737,1.4859437751004017
10.226998264929867,1.5060240963855422
9.190309374937462,1.5261044176706826
10.26785413370509,1.5461847389558232
10.713451632951429,1.5662650602409638
8.042448084486445,1.5863453815261044
6.629219512892069,1.606425702811245
11.125022377227332,1.6265060240963856
10.370705543312152,1.6465863453815262
9.865414601274871,1.6666666666666667
14.171243167979565,1.6867469879518073
9.605506923393651,1.7068273092369477
12.915276971008332,1.7269076305220883
9.622445014065416,1.7469879518072289
7.460904885896297,1.7670682730923695
8.91063620141503,1.78714859437751
8.040199649573664,1.8072289156626506
9.76714177157628,1.8273092369477912
9.375548695648884,1.8473895582329316
12.401323720278643,1.8674698795180722
11.14148014062139,1.8875502008032128
4.377955935582355,1.9076305220883534
7.846523850539423,1.927710843373494
9.208615895039436,1.9477911646586346
11.301094479206862,1.9678714859437751
11.252976939348159,1.9879518072289157
9.90619620775722,2.0080321285140563
9.921956602214774,2.0281124497991967
12.979982912041855,2.0481927710843375
13.774336714295362,2.068273092369478
11.387322932025288,2.0883534136546187
12.565067120233975,2.108433734939759
10.029567625166193,2.1285140562248994
9.942588202377122,2.1485943775100402
11.33367147390342,2.1686746987951806
14.442107993810417,2.1887550200803214
9.948176100207986,2.208835341365462
9.554995295600445,2.2289156626506026
11.429649641244259,2.248995983935743
11.711479088670936,2.2690763052208833
6.607767250166405,2.289156626506024
12.966409804875012,2.3092369477911645
10.473546478797259,2.3293172690763053
11.524082402171485,2.3493975903614457
2139.0,2.3694779116465865
9.922154424777593,2.389558232931727
11.17760001922947,2.4096385542168672
8.665998841372259,2.429718875502008
12.105101859424796,2.4497991967871484
13.338372575466446,2.4698795180722892
9.188497704719213,2.4899598393574296
11.497663424499446,2.5100401606425704
8.108282438922465,2.5301204819277108
8.331480135837563,2.5502008032128516
9.378804773816707,2.570281124497992
8.804698208992122,2.5903614457831323
9.915413252262281,2.610441767068273
8.642166004396755,2.6305220883534135
10.864386819021927,2.6506024096385543
8.184040878727027,2.6706827309236947
14.74321848507132,2.6907630522088355
12.864818068298987,2.710843373493976
10.193538074615004,2.7309236947791167
10.245927198279729,2.751004016064257
12.902529333846573,2.7710843373493974
8.734493659133369,2.791164658634538
10.67823638203108,2.8112449799196786
11.343596474157723,2.8313253012048194
9.362155182605672,2.8514056224899598
8.090626727799474,2.8714859437751006
10.80535220911512,2.891566265060241
7.990068840156637,2.9116465863453813
10.164465130530688,2.931726907630522
15.988553437054549,2.9518072289156625
8.07874942806679,2.9718875502008033
9.718207651506058,2.9919678714859437
9.487430275333226,3.0120481927710845
6.451989810742244,3.032128514056225
5.305668819978866,3.0522088353413652
7.455399623357069,3.072289156626506
11.214647114948814,3.0923694779116464
8.161826978532634,3.112449799196787
8.134862467042808,3.1325301204819276
14.285590291865987,3.1526104417670684
8.584549591162782,3.1726907630522088
9.825081139336392,3.1927710843373496
8.275445737397648,3.21285140562249
2456.0,3.2329317269076303
7.81997713935303,3.253012048192771
7.413628997269684,3.2730923694779115
10.111592331416551,3.2931726907630523
8.076077990435492,3.3132530120481927
11.930644921286083,3.3333333333333335
13.415586404574231,3.353413654618474
9.607806164776242,3.3734939759036147
10.51279851557756,3.393574297188755
7.456805316057915,3.4136546184738954
11.851786487711706,3.433734939759036
12.722106178923166,3.4538152610441766
9.286432523377709,3.4738955823293174
9.698002617460718,3.4939759036144578
12.108409259697304,3.5140562248995986
8.599216105014177,3.534136546184739
10.063695305513267,3.5542168674698793
8.568706803204897,3.57429718875502
12.607970578335227,3.5943775100401605
8.708574168126855,3.6144578313253013
11.133502508148664,3.6345381526104417
11.94550735833642,3.6546184738955825
9.129812484531449,3.674698795180723
11.047121134562866,3.694779116465863
5.986206282603015,3.714859437751004
7.5072918964579785,3.7349397590361444
14.164551191016454,3.755020080321285
12.469997537784813,3.7751004016064256
10.17520638867149,3.7951807228915664
9.889058496860178,3.8152610441767068
12.095706183602893,3.8353413654618476
11.881818119801897,3.855421686746988
9.36488905373286,3.8755020080321283
10.068427471562295,3.895582329317269
12.897782761609317,3.9156626506024095
11.958869274796475,3.9357429718875503
11.505540155611095,3.9558232931726907
7.990706470045781,3.9759036144578315
9.514261684694059,3.995983935742972
13.468087802201037,4.016064257028113
7.9994412944035815,4.036144578313253
10.40351656118977,4.056224899598393
7.440340342149636,4.076305220883534
9.891683948072703,4.096385542168675
6.664773875110441,4.116465863453815
11.181163955643463,4.136546184738956
7.661265815903461,4.156626506024097
11.975204888389568,4.176706827309237
6.923603760345358,4.196787148594377
9.19797112293829,4.216867469879518
9.366142192155513,4.236947791164659
6.194180504925323,4.257028112449799
7.331085789995523,4.27710843373494
12.09789591032345,4.2971887550200805
6.820781526689421,4.317269076305221
11.696150991512209,4.337349397590361
2380.0,4.357429718875502
8.980843412603836,4.377510040160643
12.675119859720024,4.397590361445783
9.628229008888368,4.417670682730924
6.76095203131438,4.437751004016064
10.194155813991456,4.457831325301205
9.558139904201898,4.477911646586345
11.518061169423419,4.497991967871486
10.714039027340364,4.518072289156627
11.507767259440735,4.538152610441767
8.20138558772388,4.5582329317269075
11.765927306388294,4.578313253012048
10.574115827922085,4.598393574297189
10.19691348864828,4.618473895582329
9.512202078912305,4.63855421686747
10.661000190507899,4.658634538152611
7.841295700589805,4.678714859437751
9.690259811470854,4.698795180722891
8.710337169705308,4.718875502008032
8.666935595648836,4.738955823293173
7.0151685999864934,4.759036144578313
9.590252193575417,4.779116465863454
8.24601394146804,4.7991967871485945
5.974594661946905,4.8192771084337345
13.319190597449523,4.839357429718875
7.558070543214409,4.859437751004016
12.16128925609791,4.879518072289157
14.096517222489526,4.899598393574297
5.751123149605252,4.919678714859438
11.824403962042872,4.9397590361445785
12.429171026653115,4.959839357429719
7.8281674908537,4.979919678714859
11.022778255876343,5.0
